,date,open,high,low,close,volume,average,barCount
0,2025-02-13 09:30:00-05:00,35.06,35.06,35.06,35.06,100.0,35.06,1
1,2025-02-13 11:00:00-05:00,44.0,44.0,37.5,38.0,116454.0,40.046,221
2,2025-02-13 13:00:00-05:00,37.75,38.0,37.75,38.0,68947.0,37.946,165
3,2025-02-13 15:00:00-05:00,37.9,38.0,34.99,36.0,167522.0,35.906,212
4,2025-02-14 09:30:00-05:00,37.0,38.25,36.25,36.5,28364.0,36.7,37
5,2025-02-14 11:00:00-05:00,36.02,36.97,36.0,36.7,8134.0,36.102,25
6,2025-02-14 13:00:00-05:00,36.0,36.45,35.5,35.98,88878.0,35.991,280
7,2025-02-14 15:00:00-05:00,36.46,37.39,36.18,36.65,79798.0,36.441,88
8,2025-02-18 09:30:00-05:00,40.53,41.79,39.0,40.5,96386.0,39.88,296
9,2025-02-18 11:00:00-05:00,40.5,42.7,40.5,42.12,42904.0,41.29,189
10,2025-02-18 13:00:00-05:00,41.96,42.7,41.65,42.7,193540.0,42.148,280
11,2025-02-18 15:00:00-05:00,43.0,46.15,42.7,46.15,81328.0,43.641,420
12,2025-02-19 09:30:00-05:00,46.51,48.5,46.0,48.3,27297.0,47.719,164
13,2025-02-19 11:00:00-05:00,48.49,48.5,45.5,46.0,104708.0,47.142,300
14,2025-02-19 13:00:00-05:00,46.1,46.49,45.5,46.0,31300.0,45.999,257
15,2025-02-19 15:00:00-05:00,46.0,46.11,45.66,46.02,26749.0,46.023,257
16,2025-02-20 09:30:00-05:00,48.98,49.49,47.0,47.46,23917.0,47.522,207
17,2025-02-20 11:00:00-05:00,47.5,47.5,46.71,46.88,52349.0,47.054,201
18,2025-02-20 13:00:00-05:00,47.0,48.0,46.87,47.5,158868.0,47.223,516
19,2025-02-20 15:00:00-05:00,47.5,49.29,47.43,48.26,171633.0,48.399,754
20,2025-02-21 09:30:00-05:00,48.99,50.38,48.0,49.75,212551.0,49.764,566
21,2025-02-21 11:00:00-05:00,49.75,50.46,49.74,49.75,196066.0,50.096,444
22,2025-02-21 13:00:00-05:00,49.85,50.04,49.5,49.89,325836.0,49.879,774
23,2025-02-21 15:00:00-05:00,49.89,50.69,49.5,50.42,386635.0,49.946,766
24,2025-02-24 09:30:00-05:00,52.0,53.0,46.5,46.5,1550179.0,49.225,7197
25,2025-02-24 11:00:00-05:00,46.53,50.7,46.21,50.44,1620825.0,49.128,7140
26,2025-02-24 13:00:00-05:00,50.37,51.44,48.79,50.68,1236235.0,50.52,5540
27,2025-02-24 15:00:00-05:00,50.62,50.95,48.35,48.47,3120864.0,49.409,10157
28,2025-02-25 09:30:00-05:00,48.3,50.98,48.22,50.04,2401491.0,49.635,7369
29,2025-02-25 11:00:00-05:00,49.99,55.01,49.99,51.14,1195560.0,51.966,5984
30,2025-02-25 13:00:00-05:00,51.26,51.43,48.93,50.64,894091.0,50.064,4788
31,2025-02-25 15:00:00-05:00,50.57,50.6,47.81,48.06,1284045.0,49.136,5814
32,2025-02-26 09:30:00-05:00,46.15,49.91,45.3,47.48,1849585.0,47.587,8434
33,2025-02-26 11:00:00-05:00,47.42,47.9,46.6,47.58,1484078.0,47.28,6353
34,2025-02-26 13:00:00-05:00,47.61,48.18,47.45,47.66,1362421.0,47.783,6696
35,2025-02-26 15:00:00-05:00,47.66,48.15,45.99,46.58,1449609.0,47.169,7851
36,2025-02-27 09:30:00-05:00,46.04,47.34,44.99,47.22,2486882.0,45.916,6582
37,2025-02-27 11:00:00-05:00,46.83,47.87,44.95,45.05,1619822.0,45.956,5755
38,2025-02-27 13:00:00-05:00,45.05,45.45,41.58,43.34,1345737.0,43.927,6544
39,2025-02-27 15:00:00-05:00,43.34,46.15,42.66,45.07,2351753.0,44.27,9366
40,2025-02-28 09:30:00-05:00,45.23,46.87,43.75,45.63,1493503.0,45.086,5748
41,2025-02-28 11:00:00-05:00,45.58,47.01,45.42,46.4,696942.0,46.275,3653
42,2025-02-28 13:00:00-05:00,46.4,48.7,45.78,48.12,1113344.0,47.402,5477
43,2025-02-28 15:00:00-05:00,48.18,48.65,46.87,47.01,1620256.0,47.425,8562
44,2025-03-03 09:30:00-05:00,48.49,49.88,47.6,48.36,513963.0,48.671,2404
45,2025-03-03 11:00:00-05:00,48.45,48.99,48.0,48.21,401755.0,48.476,2331
46,2025-03-03 13:00:00-05:00,48.21,49.77,48.12,49.15,621909.0,49.009,2650
47,2025-03-03 15:00:00-05:00,49.15,50.88,48.49,50.29,1076459.0,49.611,5240
48,2025-03-04 09:30:00-05:00,46.69,48.33,45.09,48.15,1950070.0,46.505,8590
49,2025-03-04 11:00:00-05:00,48.31,49.59,47.99,48.64,889051.0,48.765,5161
50,2025-03-04 13:00:00-05:00,48.64,50.1,47.92,47.98,476248.0,48.658,2874
51,2025-03-04 15:00:00-05:00,47.98,48.84,47.85,48.69,1177070.0,48.304,5731
52,2025-03-05 09:30:00-05:00,47.6,48.38,46.5,47.48,542404.0,47.444,2516
53,2025-03-05 11:00:00-05:00,47.57,48.58,46.91,48.47,541138.0,47.95,2648
54,2025-03-05 13:00:00-05:00,48.45,49.4,48.03,48.8,579231.0,48.493,3238
55,2025-03-05 15:00:00-05:00,48.8,49.04,48.23,48.43,1821119.0,48.558,6992
56,2025-03-06 09:30:00-05:00,47.41,49.06,46.32,47.58,690354.0,48.002,3122
57,2025-03-06 11:00:00-05:00,47.57,47.66,45.24,45.54,738741.0,46.33,5055
58,2025-03-06 13:00:00-05:00,45.5,47.19,45.44,46.2,506489.0,46.253,2803
59,2025-03-06 15:00:00-05:00,46.12,46.92,46.04,46.5,661116.0,46.416,4208
60,2025-03-07 09:30:00-05:00,49.2,50.78,47.16,49.39,2456057.0,49.329,11362
61,2025-03-07 11:00:00-05:00,49.4,49.56,48.23,48.89,1208469.0,49.031,5869
62,2025-03-07 13:00:00-05:00,48.89,50.03,48.88,49.21,804056.0,49.453,4492
63,2025-03-07 15:00:00-05:00,49.21,51.08,49.13,51.04,1062375.0,50.274,6295
64,2025-03-10 09:30:00-04:00,50.49,52.74,49.55,52.38,271091.0,51.482,1799
65,2025-03-10 10:00:00-04:00,52.38,53.67,51.86,52.51,1088225.0,52.577,6444
66,2025-03-10 12:00:00-04:00,52.51,53.21,52.11,52.31,466903.0,52.582,3174
67,2025-03-10 14:00:00-04:00,52.27,53.4,51.82,52.97,1436053.0,52.544,7946
68,2025-03-11 09:30:00-04:00,51.84,52.94,49.82,52.57,254901.0,51.514,1284
69,2025-03-11 10:00:00-04:00,52.57,53.19,50.95,51.54,658703.0,51.98,3823
70,2025-03-11 12:00:00-04:00,51.54,52.13,51.03,51.35,342951.0,51.679,1930
71,2025-03-11 14:00:00-04:00,51.43,52.63,51.26,52.05,811384.0,51.943,4997
72,2025-03-12 09:30:00-04:00,53.0,53.1,51.26,51.92,95025.0,52.257,447
73,2025-03-12 10:00:00-04:00,52.04,53.0,50.95,51.75,291902.0,52.035,1645
74,2025-03-12 12:00:00-04:00,51.74,52.08,51.43,51.48,211763.0,51.775,1390
75,2025-03-12 14:00:00-04:00,51.48,51.79,50.38,50.45,516012.0,51.163,3580
76,2025-03-13 09:30:00-04:00,50.0,50.31,49.28,50.0,203518.0,49.878,586
77,2025-03-13 10:00:00-04:00,49.91,50.87,49.57,49.71,298084.0,50.077,1663
78,2025-03-13 12:00:00-04:00,49.8,49.84,48.63,48.7,315706.0,49.282,1822
79,2025-03-13 14:00:00-04:00,48.69,49.09,47.86,48.44,612858.0,48.544,3888
80,2025-03-14 09:30:00-04:00,49.43,53.92,49.43,52.73,592236.0,53.187,2809
81,2025-03-14 10:00:00-04:00,52.73,54.65,52.31,53.05,1018264.0,53.17,4958
82,2025-03-14 12:00:00-04:00,53.0,53.49,52.29,53.3,509844.0,52.856,3228
83,2025-03-14 14:00:00-04:00,53.27,54.94,53.14,54.77,1120025.0,54.115,5521
84,2025-03-17 09:30:00-04:00,54.8,58.36,54.74,57.18,284749.0,57.016,1415
85,2025-03-17 10:00:00-04:00,57.17,58.12,55.76,56.3,633949.0,56.997,3402
86,2025-03-17 12:00:00-04:00,56.3,57.14,56.0,56.0,294024.0,56.681,1615
87,2025-03-17 14:00:00-04:00,56.0,56.8,55.08,55.57,657596.0,55.797,3174
88,2025-03-18 09:30:00-04:00,55.43,57.89,54.57,55.1,175864.0,56.614,984
89,2025-03-18 10:00:00-04:00,54.87,56.67,54.86,55.52,365977.0,56.06,2002
90,2025-03-18 12:00:00-04:00,55.51,56.73,55.45,56.38,384500.0,56.118,1322
91,2025-03-18 14:00:00-04:00,56.38,56.93,56.05,56.38,694620.0,56.369,3850
92,2025-03-19 09:30:00-04:00,56.3,57.61,56.26,56.63,284724.0,56.756,546
93,2025-03-19 10:00:00-04:00,56.62,57.09,56.18,56.52,344097.0,56.604,1752
94,2025-03-19 12:00:00-04:00,56.52,56.76,55.83,56.0,182480.0,56.486,851
95,2025-03-19 14:00:00-04:00,55.94,56.61,55.67,56.3,435007.0,56.156,2873
96,2025-03-20 09:30:00-04:00,56.51,57.0,55.88,56.56,75876.0,56.584,362
97,2025-03-20 10:00:00-04:00,56.65,57.17,55.77,55.99,201462.0,56.718,1060
98,2025-03-20 12:00:00-04:00,55.94,56.26,54.92,56.01,265560.0,55.568,1501
99,2025-03-20 14:00:00-04:00,56.01,56.42,55.55,56.15,729463.0,55.965,3611
100,2025-03-21 09:30:00-04:00,55.1,55.45,54.1,55.0,503897.0,54.927,1568
101,2025-03-21 10:00:00-04:00,54.96,55.07,52.76,52.92,621840.0,54.074,3519
102,2025-03-21 12:00:00-04:00,52.91,54.09,51.91,54.03,710829.0,53.107,4941
103,2025-03-21 14:00:00-04:00,54.03,54.79,53.54,53.99,900542.0,54.227,5409
104,2025-03-24 09:30:00-04:00,54.61,55.69,54.01,55.06,154702.0,54.859,900
105,2025-03-24 10:00:00-04:00,55.06,55.4,51.84,52.25,350938.0,53.347,2332
106,2025-03-24 12:00:00-04:00,52.26,53.16,52.09,52.53,342392.0,52.541,2529
107,2025-03-24 14:00:00-04:00,52.53,53.21,52.08,52.99,744138.0,52.652,5287
108,2025-03-25 09:30:00-04:00,52.51,53.18,51.87,53.04,84337.0,52.411,250
109,2025-03-25 10:00:00-04:00,52.89,52.95,51.94,52.44,640523.0,52.47,1392
110,2025-03-25 12:00:00-04:00,52.46,52.93,52.11,52.38,183292.0,52.391,1194
111,2025-03-25 14:00:00-04:00,52.38,52.71,51.76,52.25,660521.0,52.235,4174
112,2025-03-26 09:30:00-04:00,53.53,53.7,52.2,52.53,59003.0,52.754,236
113,2025-03-26 10:00:00-04:00,52.75,53.69,52.06,52.25,221611.0,52.786,1031
114,2025-03-26 12:00:00-04:00,52.24,52.66,51.98,52.36,135708.0,52.28,875
115,2025-03-26 14:00:00-04:00,52.42,52.8,52.0,52.65,356570.0,52.586,1879
116,2025-03-27 09:30:00-04:00,51.95,52.79,51.71,52.72,57781.0,52.341,394
117,2025-03-27 10:00:00-04:00,52.78,54.24,52.32,53.58,246204.0,53.36,1502
118,2025-03-27 12:00:00-04:00,53.59,53.99,52.07,52.22,365445.0,53.09,1181
119,2025-03-27 14:00:00-04:00,52.26,53.04,52.26,52.93,283568.0,52.738,2107
120,2025-03-28 09:30:00-04:00,52.21,52.89,51.19,51.34,94958.0,51.751,715
121,2025-03-28 10:00:00-04:00,51.2,51.35,49.65,49.98,631271.0,50.176,4117
122,2025-03-28 12:00:00-04:00,49.98,50.65,49.85,50.65,463142.0,50.275,3059
123,2025-03-28 14:00:00-04:00,50.67,50.8,48.45,48.98,1478342.0,49.351,8301
124,2025-03-31 09:30:00-04:00,47.41,48.4,47.05,47.47,103010.0,47.571,484
125,2025-03-31 10:00:00-04:00,47.47,47.93,47.02,47.3,239249.0,47.4,1544
126,2025-03-31 12:00:00-04:00,47.39,47.97,47.13,47.66,278003.0,47.565,2056
127,2025-03-31 14:00:00-04:00,47.6,48.3,47.42,47.59,543562.0,47.919,3899
128,2025-04-01 09:30:00-04:00,47.55,47.92,46.81,47.0,39763.0,47.296,262
129,2025-04-01 10:00:00-04:00,46.94,47.87,46.58,47.75,251431.0,47.399,1795
130,2025-04-01 12:00:00-04:00,47.75,49.36,47.24,48.77,430733.0,48.126,2105
131,2025-04-01 14:00:00-04:00,48.76,48.76,47.45,48.05,634912.0,47.944,3962
132,2025-04-02 09:30:00-04:00,47.15,48.59,46.51,47.45,53780.0,47.535,346
133,2025-04-02 10:00:00-04:00,47.46,47.89,46.9,47.76,357846.0,47.351,2197
134,2025-04-02 12:00:00-04:00,47.75,48.71,47.49,47.66,219685.0,48.068,1623
135,2025-04-02 14:00:00-04:00,47.66,48.11,47.23,47.73,482478.0,47.694,3409
136,2025-04-03 09:30:00-04:00,44.8,44.8,41.4,43.01,558611.0,42.824,3253
137,2025-04-03 10:00:00-04:00,42.95,43.04,40.25,40.8,1625685.0,41.416,8601
138,2025-04-03 12:00:00-04:00,40.81,40.94,38.3,38.4,1021688.0,39.623,7112
139,2025-04-03 14:00:00-04:00,38.46,38.97,37.55,38.26,2346248.0,38.263,13787
140,2025-04-04 09:30:00-04:00,35.72,35.87,33.95,34.48,827973.0,34.824,2310
141,2025-04-04 10:00:00-04:00,34.48,34.57,29.81,30.18,2452614.0,31.373,15832
142,2025-04-04 12:00:00-04:00,30.2,30.48,28.36,29.6,1823837.0,29.321,10523
143,2025-04-04 14:00:00-04:00,29.6,30.79,28.82,29.98,3333437.0,29.734,16669
144,2025-04-07 09:30:00-04:00,29.22,30.5,27.88,30.35,304638.0,29.064,2108
145,2025-04-07 10:00:00-04:00,30.26,32.98,29.65,29.99,1665605.0,30.453,8863
146,2025-04-07 12:00:00-04:00,29.99,31.42,29.52,31.35,720051.0,30.267,5212
147,2025-04-07 14:00:00-04:00,31.35,32.1,30.88,31.44,1253616.0,31.402,8302
148,2025-04-08 09:30:00-04:00,32.77,35.84,32.55,35.25,749240.0,34.711,3874
149,2025-04-08 10:00:00-04:00,35.23,35.5,33.54,34.34,884048.0,34.617,3803
150,2025-04-08 12:00:00-04:00,34.34,34.59,32.37,33.48,691026.0,33.322,3924
151,2025-04-08 14:00:00-04:00,33.48,33.94,31.65,32.35,1388509.0,32.595,8665
152,2025-04-09 09:30:00-04:00,31.92,32.75,31.26,31.97,298748.0,31.997,1116
153,2025-04-09 10:00:00-04:00,31.97,32.78,31.57,31.84,870978.0,32.283,4294
154,2025-04-09 12:00:00-04:00,31.84,38.99,31.83,38.76,1114916.0,36.082,7310
155,2025-04-09 14:00:00-04:00,38.99,39.65,36.4,36.56,1868113.0,38.037,12665
156,2025-04-10 09:30:00-04:00,34.61,35.03,33.82,33.89,220368.0,34.577,932
157,2025-04-10 10:00:00-04:00,33.88,34.55,32.3,32.56,958703.0,33.525,4667
158,2025-04-10 12:00:00-04:00,32.58,32.97,31.31,31.6,484844.0,32.006,3219
159,2025-04-10 14:00:00-04:00,31.6,32.28,30.51,31.08,1236413.0,31.242,8136
160,2025-04-11 09:30:00-04:00,30.56,30.71,29.53,29.87,220126.0,29.969,1211
161,2025-04-11 10:00:00-04:00,29.9,31.09,28.27,28.67,1145256.0,29.231,5918
162,2025-04-11 12:00:00-04:00,28.67,30.47,28.65,30.21,1072586.0,29.774,5948
163,2025-04-11 14:00:00-04:00,30.22,32.05,29.77,31.99,1306386.0,31.007,7056
164,2025-04-14 09:30:00-04:00,33.75,36.17,33.75,35.01,366079.0,34.88,2046
165,2025-04-14 10:00:00-04:00,35.07,35.66,32.48,32.6,822993.0,33.935,5429
166,2025-04-14 12:00:00-04:00,32.7,34.4,32.48,33.69,606057.0,33.663,4303
167,2025-04-14 14:00:00-04:00,33.76,34.73,33.54,33.55,900357.0,34.079,5985
168,2025-04-15 09:30:00-04:00,33.3,34.56,33.25,34.18,47810.0,33.953,290
169,2025-04-15 10:00:00-04:00,34.15,34.22,32.96,33.63,242565.0,33.567,1577
170,2025-04-15 12:00:00-04:00,33.63,33.71,32.89,33.38,369700.0,33.33,1820
171,2025-04-15 14:00:00-04:00,33.38,33.46,33.0,33.25,590334.0,33.174,3231
172,2025-04-16 09:30:00-04:00,32.3,32.97,32.0,32.35,89669.0,32.368,306
173,2025-04-16 10:00:00-04:00,32.35,33.12,32.25,32.85,221996.0,32.798,1229
174,2025-04-16 12:00:00-04:00,32.9,33.1,31.9,31.91,194976.0,32.786,1128
175,2025-04-16 14:00:00-04:00,31.96,32.32,30.75,32.09,1020763.0,31.675,4548
176,2025-04-17 09:30:00-04:00,31.75,32.66,31.64,32.06,47306.0,32.169,232
177,2025-04-17 10:00:00-04:00,32.23,32.31,30.67,30.71,261894.0,31.108,1791
178,2025-04-17 12:00:00-04:00,30.71,31.02,30.39,30.94,325197.0,30.656,1984
179,2025-04-17 14:00:00-04:00,30.92,31.65,30.87,31.31,613373.0,31.341,3992
180,2025-04-21 09:30:00-04:00,31.07,31.07,29.0,29.52,320283.0,29.534,1168
181,2025-04-21 10:00:00-04:00,29.52,29.81,28.94,28.99,502439.0,29.351,2878
182,2025-04-21 12:00:00-04:00,28.99,29.46,28.98,29.04,241712.0,29.271,1673
183,2025-04-21 14:00:00-04:00,29.05,29.88,29.03,29.83,530166.0,29.559,3667
184,2025-04-22 09:30:00-04:00,30.26,31.06,29.69,30.7,74870.0,30.513,298
185,2025-04-22 10:00:00-04:00,30.71,31.12,30.46,30.57,389336.0,30.747,1951
186,2025-04-22 12:00:00-04:00,30.58,31.02,29.94,30.09,549867.0,30.487,2512
187,2025-04-22 14:00:00-04:00,30.07,30.28,29.31,29.65,929377.0,29.692,4276
188,2025-04-23 09:30:00-04:00,31.99,32.5,31.34,32.44,236343.0,32.028,1331
189,2025-04-23 10:00:00-04:00,32.52,32.78,30.79,31.17,597894.0,31.769,3769
190,2025-04-23 12:00:00-04:00,31.15,31.54,31.03,31.25,213029.0,31.289,1272
191,2025-04-23 14:00:00-04:00,31.22,31.48,30.2,30.33,665503.0,30.737,3596
192,2025-04-24 09:30:00-04:00,30.81,31.54,30.31,31.39,113996.0,31.149,639
193,2025-04-24 10:00:00-04:00,31.38,32.86,31.33,32.38,488581.0,32.126,2690
194,2025-04-24 12:00:00-04:00,32.38,32.67,32.11,32.62,396077.0,32.411,2134
195,2025-04-24 14:00:00-04:00,32.62,32.98,32.14,32.29,743629.0,32.527,4795
196,2025-04-25 09:30:00-04:00,32.26,32.3,31.6,31.76,53373.0,31.936,200
197,2025-04-25 10:00:00-04:00,31.77,32.2,31.71,31.82,112693.0,31.901,772
198,2025-04-25 12:00:00-04:00,31.79,32.72,31.73,32.31,126598.0,32.275,786
199,2025-04-25 14:00:00-04:00,32.3,33.37,32.29,32.87,392824.0,32.989,2753
200,2025-04-28 09:30:00-04:00,32.63,33.0,32.09,32.28,61518.0,32.548,294
201,2025-04-28 10:00:00-04:00,32.28,33.0,31.75,31.95,133320.0,32.402,951
202,2025-04-28 12:00:00-04:00,31.98,32.1,31.66,32.09,122343.0,31.831,799
203,2025-04-28 14:00:00-04:00,32.11,32.54,31.96,32.27,359390.0,32.246,2601
204,2025-04-29 09:30:00-04:00,31.39,32.52,31.39,32.28,40882.0,31.944,241
205,2025-04-29 10:00:00-04:00,32.2,32.39,32.01,32.28,116388.0,32.259,918
206,2025-04-29 12:00:00-04:00,32.27,33.0,32.27,32.88,143728.0,32.554,826
207,2025-04-29 14:00:00-04:00,32.91,33.04,32.7,32.95,337800.0,32.887,2443
208,2025-04-30 09:30:00-04:00,31.86,32.15,31.01,31.26,181923.0,31.367,668
209,2025-04-30 10:00:00-04:00,31.28,32.28,31.27,32.13,228441.0,31.949,1066
210,2025-04-30 12:00:00-04:00,32.17,32.24,31.89,32.15,84471.0,32.052,620
211,2025-04-30 14:00:00-04:00,32.14,32.47,31.89,32.16,713932.0,32.177,3959
212,2025-05-01 09:30:00-04:00,32.48,34.19,32.48,32.87,166821.0,33.545,1033
213,2025-05-01 10:00:00-04:00,32.91,33.71,32.79,32.93,390975.0,33.176,2653
214,2025-05-01 12:00:00-04:00,32.93,33.17,32.57,33.09,192925.0,32.916,1245
215,2025-05-01 14:00:00-04:00,33.05,33.13,32.53,32.56,229792.0,32.825,1739
216,2025-05-02 09:30:00-04:00,33.04,34.67,33.04,33.93,188272.0,34.039,710
217,2025-05-02 10:00:00-04:00,33.94,35.41,33.69,33.85,671090.0,34.585,2282
218,2025-05-02 12:00:00-04:00,33.83,34.66,33.82,34.42,154078.0,34.337,1077
219,2025-05-02 14:00:00-04:00,34.39,34.82,34.29,34.4,472035.0,34.546,2978
220,2025-05-05 09:30:00-04:00,33.83,34.74,33.52,34.34,81816.0,34.294,317
221,2025-05-05 10:00:00-04:00,34.34,35.09,34.34,34.57,404440.0,34.796,2375
222,2025-05-05 12:00:00-04:00,34.54,35.22,34.51,35.17,247042.0,34.883,1296
223,2025-05-05 14:00:00-04:00,35.17,35.23,34.4,34.61,561762.0,34.76,3277
224,2025-05-06 09:30:00-04:00,34.02,34.3,33.5,33.65,55232.0,33.76,292
225,2025-05-06 10:00:00-04:00,33.62,34.19,33.62,34.0,219661.0,33.991,747
226,2025-05-06 12:00:00-04:00,34.02,34.32,33.46,33.62,95943.0,33.834,735
227,2025-05-06 14:00:00-04:00,33.62,34.43,33.62,33.8,302843.0,34.054,1847
228,2025-05-07 09:30:00-04:00,34.0,34.47,33.53,34.26,101245.0,34.072,411
229,2025-05-07 10:00:00-04:00,34.14,34.36,33.37,34.1,366219.0,33.834,2203
230,2025-05-07 12:00:00-04:00,34.02,35.1,33.89,34.72,354602.0,34.59,2304
231,2025-05-07 14:00:00-04:00,34.71,35.56,34.33,35.01,1281298.0,34.944,8828
232,2025-05-08 09:30:00-04:00,34.97,35.9,33.13,34.96,493329.0,34.345,2154
233,2025-05-08 10:00:00-04:00,34.89,37.4,34.7,37.08,1069605.0,36.103,6476
234,2025-05-08 12:00:00-04:00,37.08,37.69,36.69,36.87,416784.0,37.222,2406
235,2025-05-08 14:00:00-04:00,36.92,37.76,36.58,36.67,769814.0,37.216,4781
236,2025-05-09 09:30:00-04:00,37.96,38.63,37.35,38.47,117315.0,38.02,625
237,2025-05-09 10:00:00-04:00,38.39,38.79,37.3,37.52,377543.0,38.033,2426
238,2025-05-09 12:00:00-04:00,37.54,38.07,37.28,38.0,166019.0,37.595,1224
239,2025-05-09 14:00:00-04:00,38.06,38.36,37.71,37.73,659538.0,37.95,4184
240,2025-05-12 09:30:00-04:00,41.14,42.18,40.0,40.23,587554.0,40.726,2735
241,2025-05-12 10:00:00-04:00,40.23,41.52,40.15,41.21,1914583.0,40.765,8349
242,2025-05-12 12:00:00-04:00,41.21,42.24,41.08,41.89,606655.0,41.733,3893
243,2025-05-12 14:00:00-04:00,41.89,41.93,41.0,41.19,953481.0,41.306,6786
244,2025-05-13 09:30:00-04:00,41.85,42.2,41.3,41.51,110634.0,41.786,660
245,2025-05-13 10:00:00-04:00,41.54,43.65,41.54,43.44,449761.0,42.865,2856
246,2025-05-13 12:00:00-04:00,43.37,43.8,42.84,42.92,224072.0,43.441,1605
247,2025-05-13 14:00:00-04:00,42.95,43.09,41.94,41.98,573251.0,42.379,4315
248,2025-05-14 09:30:00-04:00,42.0,43.43,41.01,41.18,165378.0,41.812,867
249,2025-05-14 10:00:00-04:00,41.2,42.06,41.2,41.69,288529.0,41.756,1714
250,2025-05-14 12:00:00-04:00,41.69,41.93,41.4,41.79,249641.0,41.678,1414
251,2025-05-14 14:00:00-04:00,41.74,42.12,41.36,41.89,499351.0,41.767,2898
252,2025-05-15 09:30:00-04:00,41.17,41.87,40.54,40.65,68245.0,41.093,348
253,2025-05-15 10:00:00-04:00,40.66,41.03,39.9,40.04,315501.0,40.433,2001
254,2025-05-15 12:00:00-04:00,40.03,40.63,39.75,40.44,329465.0,40.122,1972
255,2025-05-15 14:00:00-04:00,40.4,40.68,40.23,40.61,492557.0,40.491,3399
256,2025-05-16 09:30:00-04:00,40.65,40.8,40.3,40.52,56120.0,40.551,277
257,2025-05-16 10:00:00-04:00,40.44,40.64,39.92,40.02,199136.0,40.242,1195
258,2025-05-16 12:00:00-04:00,40.02,40.81,40.02,40.75,237047.0,40.449,1421
259,2025-05-16 14:00:00-04:00,40.75,41.0,40.44,40.44,684885.0,40.683,4144
260,2025-05-19 09:30:00-04:00,39.33,39.5,38.89,39.14,149828.0,39.139,715
261,2025-05-19 10:00:00-04:00,39.05,39.36,38.71,38.79,246401.0,39.066,1682
262,2025-05-19 12:00:00-04:00,38.81,39.17,38.53,39.03,180892.0,38.869,1501
263,2025-05-19 14:00:00-04:00,39.04,39.17,38.62,38.78,419669.0,38.842,3206
264,2025-05-20 09:30:00-04:00,38.78,40.0,38.45,39.88,65729.0,39.124,374
265,2025-05-20 10:00:00-04:00,39.78,41.12,39.73,40.32,417045.0,40.385,2450
266,2025-05-20 12:00:00-04:00,40.31,40.47,40.11,40.3,157909.0,40.28,1100
267,2025-05-20 14:00:00-04:00,40.27,40.27,39.69,40.21,441308.0,40.058,3427
268,2025-05-21 09:30:00-04:00,40.04,40.28,39.15,39.97,52137.0,40.022,328
269,2025-05-21 10:00:00-04:00,40.07,40.48,39.61,40.35,235176.0,39.998,1708
270,2025-05-21 12:00:00-04:00,40.36,40.43,39.02,39.26,244935.0,39.808,1824
271,2025-05-21 14:00:00-04:00,39.22,39.25,38.35,38.6,539175.0,38.816,4105
272,2025-05-22 09:30:00-04:00,38.4,38.92,38.21,38.9,103292.0,38.595,356
273,2025-05-22 10:00:00-04:00,38.91,39.29,38.59,38.77,142184.0,38.867,963
274,2025-05-22 12:00:00-04:00,38.78,38.93,38.34,38.44,136488.0,38.603,866
275,2025-05-22 14:00:00-04:00,38.45,38.66,37.77,37.85,463546.0,38.212,3422
276,2025-05-23 09:30:00-04:00,36.19,37.51,35.79,37.15,59626.0,36.699,324
277,2025-05-23 10:00:00-04:00,37.18,37.57,36.46,36.86,184092.0,37.03,1464
278,2025-05-23 12:00:00-04:00,36.94,37.33,36.73,37.16,121062.0,37.013,1034
279,2025-05-23 14:00:00-04:00,37.16,37.43,37.11,37.28,267918.0,37.272,1981
280,2025-05-27 09:30:00-04:00,37.95,38.62,37.5,37.88,112959.0,38.097,522
281,2025-05-27 10:00:00-04:00,37.88,38.29,37.81,38.13,174730.0,38.049,1263
282,2025-05-27 12:00:00-04:00,38.12,38.38,37.97,38.35,127464.0,38.109,850
283,2025-05-27 14:00:00-04:00,38.34,38.39,38.0,38.18,221973.0,38.171,1728
284,2025-05-28 09:30:00-04:00,38.4,38.4,37.8,38.14,35470.0,38.139,140
285,2025-05-28 10:00:00-04:00,38.26,38.49,37.99,38.19,107100.0,38.183,628
286,2025-05-28 12:00:00-04:00,38.19,38.91,38.18,38.57,158248.0,38.579,1026
287,2025-05-28 14:00:00-04:00,38.62,38.79,38.43,38.58,209156.0,38.583,1690
288,2025-05-29 09:30:00-04:00,39.04,39.23,38.38,38.55,82535.0,38.798,381
289,2025-05-29 10:00:00-04:00,38.58,38.74,37.68,37.79,243580.0,37.985,1815
290,2025-05-29 12:00:00-04:00,37.75,38.48,37.75,38.32,172361.0,38.167,1327
291,2025-05-29 14:00:00-04:00,38.32,38.61,38.14,38.61,365850.0,38.436,2471
292,2025-05-30 09:30:00-04:00,38.22,38.45,37.11,37.43,100775.0,37.602,522
293,2025-05-30 10:00:00-04:00,37.43,37.86,36.75,37.01,218270.0,37.351,1288
294,2025-05-30 12:00:00-04:00,37.05,37.4,36.68,37.2,281425.0,37.041,1699
295,2025-05-30 14:00:00-04:00,37.21,37.81,37.2,37.75,1299817.0,37.622,5162
296,2025-06-02 09:30:00-04:00,37.54,37.58,36.56,36.7,148568.0,36.987,629
297,2025-06-02 10:00:00-04:00,36.63,37.7,36.2,37.56,282127.0,36.834,1527
298,2025-06-02 12:00:00-04:00,37.52,37.69,37.43,37.55,95733.0,37.545,734
299,2025-06-02 14:00:00-04:00,37.55,37.88,37.18,37.34,404348.0,37.432,2681
300,2025-06-03 09:30:00-04:00,37.41,37.8,36.87,37.78,60954.0,37.531,243
301,2025-06-03 10:00:00-04:00,37.74,38.8,37.7,38.6,149883.0,38.343,1090
302,2025-06-03 12:00:00-04:00,38.6,39.24,38.53,38.87,179214.0,38.925,1221
303,2025-06-03 14:00:00-04:00,38.87,38.87,38.52,38.62,398682.0,38.631,3162
304,2025-06-04 09:30:00-04:00,38.64,39.85,38.5,39.45,103438.0,39.523,580
305,2025-06-04 10:00:00-04:00,39.46,39.94,38.35,39.47,367098.0,39.434,1687
306,2025-06-04 12:00:00-04:00,39.47,39.58,39.2,39.53,442415.0,39.459,1601
307,2025-06-04 14:00:00-04:00,39.56,40.27,39.49,39.79,421208.0,39.901,2633
308,2025-06-05 09:30:00-04:00,39.38,39.38,37.33,37.7,579343.0,38.17,3111
309,2025-06-05 10:00:00-04:00,37.77,39.89,37.71,39.77,1100810.0,38.788,7585
310,2025-06-05 12:00:00-04:00,39.77,40.45,39.32,39.82,724225.0,39.854,4649
311,2025-06-05 14:00:00-04:00,39.81,40.0,39.01,39.1,1345632.0,39.472,8317
312,2025-06-06 09:30:00-04:00,39.7,40.16,39.21,39.46,2479875.0,39.785,10968
313,2025-06-06 10:00:00-04:00,39.44,39.67,38.88,39.47,1501406.0,39.253,8735
314,2025-06-06 12:00:00-04:00,39.46,39.66,38.53,38.77,662572.0,39.043,5097
315,2025-06-06 14:00:00-04:00,38.78,39.45,38.62,39.16,1444081.0,39.027,9513
316,2025-06-09 09:30:00-04:00,40.36,40.99,39.55,40.28,500711.0,40.193,3140
317,2025-06-09 10:00:00-04:00,40.3,41.39,40.14,40.71,1265702.0,40.773,9016
318,2025-06-09 12:00:00-04:00,40.71,42.24,40.66,41.93,1204655.0,41.5,7952
319,2025-06-09 14:00:00-04:00,41.96,42.03,41.5,41.81,1553371.0,41.805,10056
320,2025-06-10 09:30:00-04:00,41.79,42.66,41.46,41.75,150564.0,41.897,967
321,2025-06-10 10:00:00-04:00,41.82,42.1,40.75,40.98,580800.0,41.417,4281
322,2025-06-10 12:00:00-04:00,40.98,41.59,40.97,41.35,376482.0,41.4,2958
323,2025-06-10 14:00:00-04:00,41.34,41.77,41.12,41.63,778226.0,41.477,5769
324,2025-06-11 09:30:00-04:00,42.38,43.23,42.0,42.37,309887.0,42.505,1642
325,2025-06-11 10:00:00-04:00,42.4,43.18,41.0,41.07,920207.0,42.32,4795
326,2025-06-11 12:00:00-04:00,41.09,41.39,40.62,40.73,505595.0,41.061,3506
327,2025-06-11 14:00:00-04:00,40.73,40.84,39.89,40.23,836799.0,40.227,5941
328,2025-06-12 09:30:00-04:00,39.74,40.6,39.44,39.83,151537.0,39.774,863
329,2025-06-12 10:00:00-04:00,39.67,41.83,39.67,41.41,510585.0,41.166,3261
330,2025-06-12 12:00:00-04:00,41.45,41.66,41.12,41.18,193133.0,41.381,1509
331,2025-06-12 14:00:00-04:00,41.18,41.34,40.92,41.29,343487.0,41.168,2361
332,2025-06-13 09:30:00-04:00,41.0,41.83,40.78,40.83,130855.0,41.292,587
333,2025-06-13 10:00:00-04:00,40.83,42.64,40.82,42.58,433345.0,41.792,2939
334,2025-06-13 12:00:00-04:00,42.62,42.83,42.2,42.58,422141.0,42.575,3422
335,2025-06-13 14:00:00-04:00,42.57,42.73,42.11,42.51,758125.0,42.379,5387
336,2025-06-16 09:30:00-04:00,43.37,43.68,42.56,42.72,167073.0,43.155,825
337,2025-06-16 10:00:00-04:00,42.72,44.44,42.72,44.26,631212.0,43.757,4310
338,2025-06-16 12:00:00-04:00,44.29,44.85,44.2,44.46,264092.0,44.626,2118
339,2025-06-16 14:00:00-04:00,44.5,44.54,44.0,44.19,891721.0,44.265,6277
340,2025-06-17 09:30:00-04:00,44.23,44.56,43.84,44.36,84367.0,44.154,451
341,2025-06-17 10:00:00-04:00,44.37,44.56,43.53,43.8,291217.0,44.114,2160
342,2025-06-17 12:00:00-04:00,43.78,44.3,43.71,44.01,232292.0,44.036,1828
343,2025-06-17 14:00:00-04:00,44.03,44.16,43.57,44.11,695402.0,43.901,4505
344,2025-06-18 09:30:00-04:00,45.0,46.33,44.86,45.59,303022.0,45.403,1438
345,2025-06-18 10:00:00-04:00,45.79,46.34,45.54,45.7,628797.0,45.956,3316
346,2025-06-18 12:00:00-04:00,45.7,46.64,45.58,46.55,258471.0,46.199,1926
347,2025-06-18 14:00:00-04:00,46.57,47.43,46.32,46.62,908075.0,46.895,6571
348,2025-06-20 09:30:00-04:00,46.98,46.98,45.62,46.54,189451.0,46.27,1040
349,2025-06-20 10:00:00-04:00,46.56,48.21,44.76,47.93,1108076.0,46.781,6163
350,2025-06-20 12:00:00-04:00,47.92,48.08,46.38,46.72,314338.0,47.047,1967
351,2025-06-20 14:00:00-04:00,46.72,46.88,46.21,46.58,758120.0,46.554,5017
352,2025-06-23 09:30:00-04:00,46.36,47.3,46.36,47.03,119074.0,46.823,577
353,2025-06-23 10:00:00-04:00,47.08,48.25,46.31,46.38,379695.0,47.327,2659
354,2025-06-23 12:00:00-04:00,46.33,46.93,45.8,46.74,202017.0,46.398,1392
355,2025-06-23 14:00:00-04:00,46.71,47.1,46.43,46.95,298165.0,46.837,2191
356,2025-06-24 09:30:00-04:00,47.18,48.01,46.71,47.71,137508.0,47.661,803
357,2025-06-24 10:00:00-04:00,47.64,48.75,47.57,48.23,274562.0,48.357,2078
358,2025-06-24 12:00:00-04:00,48.27,48.53,48.07,48.09,149584.0,48.338,1110
359,2025-06-24 14:00:00-04:00,48.09,48.14,47.28,47.36,480583.0,47.643,3523
360,2025-06-25 09:30:00-04:00,47.34,47.93,47.19,47.55,119544.0,47.495,685
361,2025-06-25 10:00:00-04:00,47.55,47.76,47.05,47.41,211198.0,47.445,1525
362,2025-06-25 12:00:00-04:00,47.37,48.03,47.24,47.8,330670.0,47.66,2033
363,2025-06-25 14:00:00-04:00,47.82,48.16,47.15,47.21,861243.0,47.514,5550
364,2025-06-26 09:30:00-04:00,49.59,49.82,47.11,47.79,358042.0,48.082,1632
365,2025-06-26 10:00:00-04:00,47.73,48.45,47.4,48.38,436605.0,48.119,2772
366,2025-06-26 12:00:00-04:00,48.38,48.59,48.07,48.19,375584.0,48.353,2062
367,2025-06-26 14:00:00-04:00,48.19,48.25,47.07,47.43,863974.0,47.571,5515
368,2025-06-27 09:30:00-04:00,47.25,47.38,46.77,47.09,80873.0,47.072,450
369,2025-06-27 10:00:00-04:00,47.13,47.74,46.65,46.83,319270.0,47.109,1939
370,2025-06-27 12:00:00-04:00,46.83,47.07,46.64,46.7,205975.0,46.878,1461
371,2025-06-27 14:00:00-04:00,46.7,47.19,46.19,47.18,741146.0,46.757,5091
372,2025-06-30 09:30:00-04:00,47.23,47.34,46.27,46.73,214375.0,46.885,653
373,2025-06-30 10:00:00-04:00,46.79,47.04,45.91,46.19,256707.0,46.359,1838
374,2025-06-30 12:00:00-04:00,46.22,46.28,45.81,45.95,236925.0,46.066,1622
375,2025-06-30 14:00:00-04:00,45.92,46.05,45.33,45.33,633894.0,45.607,4130
376,2025-07-01 09:30:00-04:00,45.7,45.84,44.56,45.68,231394.0,45.5,670
377,2025-07-01 10:00:00-04:00,45.68,45.92,44.3,44.64,318203.0,44.894,1981
378,2025-07-01 12:00:00-04:00,44.72,45.39,44.53,45.23,279023.0,44.97,1672
379,2025-07-01 14:00:00-04:00,45.22,45.68,44.91,44.96,615074.0,45.252,4227
380,2025-07-02 09:30:00-04:00,44.52,45.0,44.17,44.74,343319.0,44.567,845
381,2025-07-02 10:00:00-04:00,44.74,45.99,44.66,45.93,426489.0,45.243,2786
382,2025-07-02 12:00:00-04:00,45.87,46.07,45.67,45.78,248410.0,45.876,1967
383,2025-07-02 14:00:00-04:00,45.78,46.24,45.16,46.22,829357.0,45.674,5405
384,2025-07-03 09:30:00-04:00,46.09,47.32,45.89,46.61,157858.0,46.541,540
385,2025-07-03 10:00:00-04:00,46.61,46.81,46.03,46.33,330282.0,46.404,2239
386,2025-07-03 12:00:00-04:00,46.33,46.51,46.09,46.45,161352.0,46.314,1249
387,2025-07-07 09:30:00-04:00,47.14,47.24,46.12,46.47,80474.0,46.685,503
388,2025-07-07 10:00:00-04:00,46.44,47.1,46.14,46.72,269661.0,46.684,1887
389,2025-07-07 12:00:00-04:00,46.68,46.9,45.81,46.12,318980.0,46.234,2219
390,2025-07-07 14:00:00-04:00,46.1,46.21,45.09,45.26,716499.0,45.463,4058
391,2025-07-08 09:30:00-04:00,46.12,46.95,45.61,46.81,121659.0,46.485,653
392,2025-07-08 10:00:00-04:00,46.82,47.25,46.21,46.28,334076.0,46.671,2108
393,2025-07-08 12:00:00-04:00,46.24,46.83,46.12,46.37,188044.0,46.451,855
394,2025-07-08 14:00:00-04:00,46.35,46.5,45.92,46.2,336023.0,46.168,2422
395,2025-07-09 09:30:00-04:00,46.12,46.83,45.98,46.55,39907.0,46.47,178
396,2025-07-09 10:00:00-04:00,46.6,47.07,46.11,46.62,242682.0,46.622,1400
397,2025-07-09 12:00:00-04:00,46.59,47.09,46.47,46.77,238959.0,46.785,1282
398,2025-07-09 14:00:00-04:00,46.83,46.96,46.09,46.2,425672.0,46.331,2812
399,2025-07-10 09:30:00-04:00,47.37,47.75,46.79,47.29,148392.0,47.263,693
400,2025-07-10 10:00:00-04:00,47.27,47.67,46.62,47.12,163365.0,47.064,1160
401,2025-07-10 12:00:00-04:00,47.12,47.46,47.0,47.09,118461.0,47.224,766
402,2025-07-10 14:00:00-04:00,47.11,47.19,46.77,46.93,333581.0,46.913,2364
403,2025-07-11 09:30:00-04:00,46.29,46.83,45.82,46.56,50686.0,46.162,328
404,2025-07-11 10:00:00-04:00,46.57,47.42,46.36,46.78,211901.0,47.053,1622
405,2025-07-11 12:00:00-04:00,46.84,46.91,46.64,46.77,38825.0,46.768,267
406,2025-07-11 14:00:00-04:00,46.79,47.07,45.93,46.08,293769.0,46.321,1911
407,2025-07-14 09:30:00-04:00,44.63,44.85,41.46,42.67,814024.0,42.618,4442
408,2025-07-14 10:00:00-04:00,42.67,43.46,42.0,42.09,1080649.0,42.693,6240
409,2025-07-14 12:00:00-04:00,42.05,43.06,41.99,42.79,659305.0,42.419,4290
410,2025-07-14 14:00:00-04:00,42.81,42.97,42.0,42.47,979828.0,42.54,5861
411,2025-07-15 09:30:00-04:00,42.8,43.1,42.51,42.94,60212.0,42.829,317
412,2025-07-15 10:00:00-04:00,42.94,43.45,42.74,42.79,497414.0,42.962,3009
413,2025-07-15 12:00:00-04:00,42.79,42.93,42.54,42.88,392951.0,42.766,2292
414,2025-07-15 14:00:00-04:00,42.88,43.18,42.62,42.68,575813.0,42.834,3338
415,2025-07-16 09:30:00-04:00,42.76,42.96,41.93,41.95,141734.0,42.339,775
416,2025-07-16 10:00:00-04:00,41.96,42.12,40.3,41.06,595977.0,41.215,3416
417,2025-07-16 12:00:00-04:00,41.05,41.24,40.87,40.95,169012.0,41.027,1244
418,2025-07-16 14:00:00-04:00,40.94,41.37,40.72,41.36,495422.0,41.159,3244
419,2025-07-17 09:30:00-04:00,41.4,41.73,41.04,41.56,82919.0,41.45,456
420,2025-07-17 10:00:00-04:00,41.54,42.26,41.38,41.93,167074.0,41.884,1125
421,2025-07-17 12:00:00-04:00,41.93,41.98,41.52,41.7,98712.0,41.677,670
422,2025-07-17 14:00:00-04:00,41.7,41.76,41.23,41.52,352353.0,41.465,2309
423,2025-07-18 09:30:00-04:00,41.53,41.74,40.94,41.01,43559.0,41.387,215
424,2025-07-18 10:00:00-04:00,41.01,41.97,40.84,41.97,418553.0,41.408,2147
425,2025-07-18 12:00:00-04:00,41.94,42.29,41.76,42.0,136549.0,41.975,1005
426,2025-07-18 14:00:00-04:00,41.97,42.21,41.85,42.2,237200.0,42.089,1758
427,2025-07-21 09:30:00-04:00,41.47,41.73,40.55,41.42,191849.0,41.083,907
428,2025-07-21 10:00:00-04:00,41.43,42.26,41.43,42.13,450241.0,41.999,1913
429,2025-07-21 12:00:00-04:00,42.05,42.28,41.48,41.75,257747.0,41.73,1808
430,2025-07-21 14:00:00-04:00,41.75,41.93,41.41,41.59,627212.0,41.657,3742
431,2025-07-22 09:30:00-04:00,41.51,41.98,40.89,41.01,102644.0,41.19,598
432,2025-07-22 10:00:00-04:00,41.05,41.55,40.92,41.36,225176.0,41.289,1424
433,2025-07-22 12:00:00-04:00,41.31,41.71,41.15,41.64,131296.0,41.396,950
434,2025-07-22 14:00:00-04:00,41.64,41.94,41.34,41.36,468618.0,41.594,3584
435,2025-07-23 09:30:00-04:00,41.06,42.54,41.06,42.52,60752.0,41.9,349
436,2025-07-23 10:00:00-04:00,42.41,43.64,42.34,43.3,278180.0,43.123,1528
437,2025-07-23 12:00:00-04:00,43.3,43.65,42.82,42.9,149160.0,43.243,1006
438,2025-07-23 14:00:00-04:00,42.94,43.08,42.7,43.02,331851.0,42.885,2229
439,2025-07-24 09:30:00-04:00,43.08,43.5,42.41,42.42,73120.0,42.804,409
440,2025-07-24 10:00:00-04:00,42.42,42.85,42.23,42.63,175392.0,42.453,1275
441,2025-07-24 12:00:00-04:00,42.62,42.69,42.23,42.52,100494.0,42.484,772
442,2025-07-24 14:00:00-04:00,42.52,42.78,42.03,42.09,485529.0,42.376,2766
443,2025-07-25 09:30:00-04:00,42.48,42.53,41.94,42.06,22027.0,42.278,117
444,2025-07-25 10:00:00-04:00,42.08,42.28,41.51,41.65,72866.0,41.895,499
445,2025-07-25 12:00:00-04:00,41.63,42.03,41.5,41.82,132691.0,41.743,709
446,2025-07-25 14:00:00-04:00,41.82,42.61,41.82,42.47,224936.0,42.319,1439
447,2025-07-28 09:30:00-04:00,43.08,43.24,42.01,42.51,91623.0,42.419,647
448,2025-07-28 10:00:00-04:00,42.48,42.59,41.78,41.81,103887.0,42.085,738
449,2025-07-28 12:00:00-04:00,41.81,41.93,41.65,41.76,71894.0,41.783,493
450,2025-07-28 14:00:00-04:00,41.79,41.9,41.57,41.89,165248.0,41.757,1304
451,2025-07-29 09:30:00-04:00,42.26,42.89,42.0,42.5,38875.0,42.601,188
452,2025-07-29 10:00:00-04:00,42.45,42.79,41.67,42.15,153653.0,42.326,916
453,2025-07-29 12:00:00-04:00,42.15,42.89,41.99,42.78,196580.0,42.578,1258
454,2025-07-29 14:00:00-04:00,42.8,43.19,42.73,42.94,289483.0,42.973,2047
455,2025-07-30 09:30:00-04:00,42.07,43.47,42.07,43.23,29724.0,42.704,101
456,2025-07-30 10:00:00-04:00,43.28,43.44,42.52,42.79,119043.0,42.94,743
457,2025-07-30 12:00:00-04:00,42.75,43.09,42.54,43.07,110198.0,42.859,807
458,2025-07-30 14:00:00-04:00,43.07,43.4,42.43,43.37,428985.0,42.99,3016
459,2025-07-31 09:30:00-04:00,43.73,44.62,43.48,43.74,84354.0,43.982,506
460,2025-07-31 10:00:00-04:00,43.82,44.15,43.3,43.66,210154.0,43.706,1600
461,2025-07-31 12:00:00-04:00,43.73,43.9,42.58,42.63,211645.0,43.205,1343
462,2025-07-31 14:00:00-04:00,42.66,42.97,42.24,42.97,514111.0,42.723,3507
463,2025-08-01 09:30:00-04:00,42.18,42.23,40.34,40.42,101593.0,41.157,490
464,2025-08-01 10:00:00-04:00,40.4,41.22,40.1,41.13,286161.0,40.65,1997
465,2025-08-01 12:00:00-04:00,41.13,41.29,40.72,41.15,207874.0,41.001,1305
466,2025-08-01 14:00:00-04:00,41.14,41.62,41.09,41.32,369666.0,41.319,2451
467,2025-08-04 09:30:00-04:00,42.11,42.47,41.6,42.22,96769.0,42.021,267
468,2025-08-04 10:00:00-04:00,42.23,42.33,41.93,42.32,130697.0,42.134,680
469,2025-08-04 12:00:00-04:00,42.32,42.32,42.03,42.18,53186.0,42.154,466
470,2025-08-04 14:00:00-04:00,42.2,42.54,42.1,42.51,282567.0,42.405,2030
471,2025-08-05 09:30:00-04:00,42.53,43.4,42.53,43.19,39562.0,42.928,206
472,2025-08-05 10:00:00-04:00,43.07,43.07,41.37,41.59,159086.0,41.848,1143
473,2025-08-05 12:00:00-04:00,41.57,41.98,41.52,41.79,147790.0,41.76,1236
474,2025-08-05 14:00:00-04:00,41.79,42.05,41.44,41.93,365047.0,41.804,2296
475,2025-08-06 09:30:00-04:00,42.72,43.0,41.75,42.21,49464.0,42.523,289
476,2025-08-06 10:00:00-04:00,42.12,42.35,41.82,42.01,151745.0,42.105,1045
477,2025-08-06 12:00:00-04:00,41.98,42.25,41.61,41.92,166858.0,41.983,967
478,2025-08-06 14:00:00-04:00,41.94,42.24,41.92,42.13,355606.0,42.035,2395
479,2025-08-07 09:30:00-04:00,42.0,42.35,41.78,42.18,125502.0,41.938,653
480,2025-08-07 10:00:00-04:00,42.14,42.26,40.66,41.13,404425.0,41.358,2726
481,2025-08-07 12:00:00-04:00,41.13,41.4,41.04,41.13,171488.0,41.187,1215
482,2025-08-07 14:00:00-04:00,41.13,41.18,40.53,40.66,403049.0,40.728,2932
483,2025-08-08 09:30:00-04:00,41.41,42.71,41.0,42.66,89655.0,42.181,437
484,2025-08-08 10:00:00-04:00,42.71,44.42,42.67,44.18,319205.0,43.69,2124
485,2025-08-08 12:00:00-04:00,44.19,44.85,43.94,44.43,486659.0,44.411,3298
486,2025-08-08 14:00:00-04:00,44.47,44.83,44.19,44.34,1093806.0,44.45,6613
487,2025-08-11 09:30:00-04:00,45.7,46.35,44.78,45.36,405666.0,45.541,1180
488,2025-08-11 10:00:00-04:00,45.36,45.82,44.68,45.14,426287.0,45.286,2590
489,2025-08-11 12:00:00-04:00,45.14,45.39,44.39,44.53,491538.0,44.879,2499
490,2025-08-11 14:00:00-04:00,44.51,44.6,43.17,43.37,551214.0,43.871,3940
491,2025-08-12 09:30:00-04:00,45.21,46.24,45.0,46.0,191512.0,45.693,876
492,2025-08-12 10:00:00-04:00,46.0,47.25,45.83,47.22,622317.0,46.481,3018
493,2025-08-12 12:00:00-04:00,47.25,47.86,47.05,47.34,288720.0,47.414,1652
494,2025-08-12 14:00:00-04:00,47.36,47.75,46.7,46.82,813063.0,47.078,4258
495,2025-08-13 09:30:00-04:00,47.02,48.46,47.0,47.65,236629.0,48.006,1012
496,2025-08-13 10:00:00-04:00,47.61,48.03,46.9,47.12,412576.0,47.298,2406
497,2025-08-13 12:00:00-04:00,47.15,47.74,47.04,47.1,384244.0,47.423,2038
498,2025-08-13 14:00:00-04:00,47.1,47.32,46.8,46.97,273029.0,47.002,2033
499,2025-08-14 09:30:00-04:00,46.43,47.27,46.08,46.55,174027.0,46.899,647
500,2025-08-14 10:00:00-04:00,46.55,46.98,46.36,46.88,496816.0,46.658,2937
501,2025-08-14 12:00:00-04:00,46.88,47.0,46.12,46.56,405326.0,46.61,2019
502,2025-08-14 14:00:00-04:00,46.59,47.05,46.28,46.66,823887.0,46.633,4994
503,2025-08-15 09:30:00-04:00,43.2,45.46,42.82,45.44,764725.0,43.897,3661
504,2025-08-15 10:00:00-04:00,45.37,46.13,43.92,44.88,1599048.0,44.544,9384
505,2025-08-15 12:00:00-04:00,44.92,45.57,44.37,44.61,623074.0,44.949,3842
506,2025-08-15 14:00:00-04:00,44.61,45.25,44.31,44.51,1550830.0,44.741,10136
507,2025-08-18 09:30:00-04:00,44.25,45.87,44.25,45.87,216280.0,45.194,1125
508,2025-08-18 10:00:00-04:00,45.84,45.85,44.65,45.4,249462.0,45.215,1765
509,2025-08-18 12:00:00-04:00,45.39,45.47,44.54,45.19,266359.0,45.181,1738
510,2025-08-18 14:00:00-04:00,45.2,45.83,45.03,45.48,711497.0,45.492,4609
511,2025-08-19 09:30:00-04:00,46.23,46.5,45.5,45.69,88776.0,45.961,477
512,2025-08-19 10:00:00-04:00,45.73,46.29,45.08,45.37,188578.0,45.594,1316
513,2025-08-19 12:00:00-04:00,45.35,45.35,44.47,44.58,256444.0,44.882,1569
514,2025-08-19 14:00:00-04:00,44.58,44.94,44.26,44.71,737981.0,44.521,4285
515,2025-08-20 09:30:00-04:00,44.86,45.0,43.28,43.63,69599.0,44.232,439
516,2025-08-20 10:00:00-04:00,43.63,44.14,43.2,43.72,309793.0,43.674,1777
517,2025-08-20 12:00:00-04:00,43.72,44.4,43.7,44.1,164184.0,44.05,1295
518,2025-08-20 14:00:00-04:00,44.07,44.42,43.72,44.4,315308.0,44.073,2499
519,2025-08-21 09:30:00-04:00,43.87,44.74,43.56,44.33,52404.0,44.303,253
520,2025-08-21 10:00:00-04:00,44.39,45.25,44.38,44.7,178954.0,44.861,1385
521,2025-08-21 12:00:00-04:00,44.66,44.99,44.42,44.9,189763.0,44.644,1204
522,2025-08-21 14:00:00-04:00,44.87,45.6,44.76,45.51,451057.0,45.171,3086
523,2025-08-22 09:30:00-04:00,46.11,46.58,45.63,45.75,55759.0,46.15,288
524,2025-08-22 10:00:00-04:00,45.82,47.19,45.82,46.3,588705.0,46.701,3239
525,2025-08-22 12:00:00-04:00,46.34,46.48,46.0,46.01,199116.0,46.228,1280
526,2025-08-22 14:00:00-04:00,46.02,46.48,45.94,46.34,413314.0,46.309,2912
527,2025-08-25 09:30:00-04:00,46.36,46.72,46.01,46.67,43233.0,46.551,277
528,2025-08-25 10:00:00-04:00,46.57,46.84,46.28,46.55,114904.0,46.617,834
529,2025-08-25 12:00:00-04:00,46.55,46.83,46.45,46.69,140833.0,46.645,853
530,2025-08-25 14:00:00-04:00,46.67,46.88,46.59,46.81,291900.0,46.724,2197
531,2025-08-26 09:30:00-04:00,46.75,47.49,46.75,47.19,59608.0,47.232,267
532,2025-08-26 10:00:00-04:00,47.21,48.21,47.08,47.6,189630.0,47.697,1315
533,2025-08-26 12:00:00-04:00,47.65,47.99,47.46,47.53,154894.0,47.766,1035
534,2025-08-26 14:00:00-04:00,47.52,47.64,47.28,47.34,333250.0,47.447,2490
535,2025-08-27 09:30:00-04:00,47.4,48.14,47.4,48.14,55997.0,47.805,263
536,2025-08-27 10:00:00-04:00,48.05,49.08,47.83,48.94,264789.0,48.525,1828
537,2025-08-27 12:00:00-04:00,48.94,49.08,48.21,48.44,207484.0,48.55,1321
538,2025-08-27 14:00:00-04:00,48.46,48.67,48.16,48.39,565857.0,48.441,3890
539,2025-08-28 09:30:00-04:00,48.56,50.26,48.56,49.55,258191.0,49.69,1107
540,2025-08-28 10:00:00-04:00,49.51,50.18,49.4,49.77,344714.0,49.748,2389
541,2025-08-28 12:00:00-04:00,49.78,50.39,49.69,50.31,254130.0,50.105,1754
542,2025-08-28 14:00:00-04:00,50.31,51.23,50.13,50.86,732483.0,50.763,5020
543,2025-08-29 09:30:00-04:00,51.15,52.94,51.08,52.22,866814.0,52.282,1867
544,2025-08-29 10:00:00-04:00,52.29,52.76,50.82,51.06,770587.0,51.433,4371
545,2025-08-29 12:00:00-04:00,51.12,51.63,50.92,51.48,343737.0,51.335,1963
546,2025-08-29 14:00:00-04:00,51.52,52.7,51.41,52.54,923545.0,52.168,5187
547,2025-09-02 09:30:00-04:00,51.01,51.5,50.07,51.39,158617.0,50.745,778
548,2025-09-02 10:00:00-04:00,51.49,51.7,50.73,50.96,159835.0,51.089,939
549,2025-09-02 12:00:00-04:00,50.98,51.37,50.8,51.14,161251.0,51.124,1198
550,2025-09-02 14:00:00-04:00,51.12,51.36,50.84,51.04,521813.0,51.096,3958
551,2025-09-03 09:30:00-04:00,51.92,52.38,50.65,51.86,89156.0,51.737,387
552,2025-09-03 10:00:00-04:00,51.96,52.34,51.59,52.03,152503.0,52.015,982
553,2025-09-03 12:00:00-04:00,51.98,52.37,51.83,52.29,94432.0,52.144,794
554,2025-09-03 14:00:00-04:00,52.29,53.23,52.15,53.01,547437.0,52.714,4003
555,2025-09-04 09:30:00-04:00,55.67,59.4,55.55,57.4,907942.0,57.843,3012
556,2025-09-04 10:00:00-04:00,57.26,61.0,56.99,59.78,2580661.0,58.766,12930
557,2025-09-04 12:00:00-04:00,59.78,60.16,59.28,59.5,1473100.0,59.596,7392
558,2025-09-04 14:00:00-04:00,59.5,62.65,59.38,62.51,2755156.0,61.223,16175
559,2025-09-05 09:30:00-04:00,65.52,67.78,65.2,65.98,1654189.0,66.548,6794
560,2025-09-05 10:00:00-04:00,65.98,66.68,63.74,64.95,2020889.0,65.549,11605
561,2025-09-05 12:00:00-04:00,64.95,66.5,64.95,66.23,821766.0,65.796,5924
562,2025-09-05 14:00:00-04:00,66.25,68.67,66.24,68.59,2018193.0,67.833,13441
563,2025-09-08 09:30:00-04:00,68.65,70.5,67.86,69.82,698286.0,69.703,3915
564,2025-09-08 10:00:00-04:00,69.83,69.95,68.18,69.19,899460.0,69.165,5693
565,2025-09-08 12:00:00-04:00,69.17,69.96,68.86,69.25,653195.0,69.399,3961
566,2025-09-08 14:00:00-04:00,69.25,71.0,69.23,70.48,2015439.0,70.231,10647
567,2025-09-09 09:30:00-04:00,70.36,71.38,69.63,70.77,353305.0,70.848,1459
568,2025-09-09 10:00:00-04:00,70.77,71.4,69.6,70.54,625755.0,70.433,3532
569,2025-09-09 12:00:00-04:00,70.56,70.98,69.57,70.16,378294.0,70.332,2167
570,2025-09-09 14:00:00-04:00,70.2,70.75,69.98,70.5,846852.0,70.462,5411
571,2025-09-10 09:30:00-04:00,72.42,74.0,72.03,72.69,564960.0,72.916,1839
572,2025-09-10 10:00:00-04:00,72.69,73.57,72.38,73.1,537547.0,73.074,3268
573,2025-09-10 12:00:00-04:00,73.13,73.69,72.86,73.04,572700.0,73.32,2888
574,2025-09-10 14:00:00-04:00,73.09,74.49,72.49,73.86,1298986.0,73.496,6859
575,2025-09-11 09:30:00-04:00,82.3,85.89,81.38,83.39,2259994.0,84.167,9906
576,2025-09-11 10:00:00-04:00,83.38,85.3,83.1,83.95,2454635.0,84.218,13434
577,2025-09-11 12:00:00-04:00,84.0,84.05,83.08,83.46,746853.0,83.644,5018
578,2025-09-11 14:00:00-04:00,83.45,84.47,82.22,84.31,1840443.0,83.437,11313
579,2025-09-12 09:30:00-04:00,85.31,85.64,83.9,84.43,622084.0,84.924,3141
580,2025-09-12 10:00:00-04:00,84.44,85.07,82.28,83.2,1214533.0,83.497,7929
581,2025-09-12 12:00:00-04:00,83.18,85.15,82.96,85.12,519671.0,84.113,3456
582,2025-09-12 14:00:00-04:00,85.14,86.96,85.09,86.12,1562931.0,86.116,9356
583,2025-09-15 09:30:00-04:00,85.3,89.44,85.12,89.44,937362.0,87.294,4586
584,2025-09-15 10:00:00-04:00,89.44,91.25,88.7,90.9,2226846.0,89.841,11845
585,2025-09-15 12:00:00-04:00,90.9,91.3,90.21,91.01,840034.0,90.782,5081
586,2025-09-15 14:00:00-04:00,91.02,92.06,89.96,90.08,1850950.0,90.864,11585
587,2025-09-16 09:30:00-04:00,90.31,93.13,90.01,91.05,1108305.0,91.296,6282
588,2025-09-16 10:00:00-04:00,91.05,91.55,89.56,90.68,1126563.0,90.516,6955
589,2025-09-16 12:00:00-04:00,90.69,92.5,90.08,91.78,784216.0,91.22,4710
590,2025-09-16 14:00:00-04:00,91.78,92.23,91.27,91.53,853076.0,91.732,6004
591,2025-09-17 09:30:00-04:00,90.81,92.27,90.4,91.9,324203.0,91.409,1762
592,2025-09-17 10:00:00-04:00,91.75,92.0,90.51,90.98,927761.0,91.268,5540
593,2025-09-17 12:00:00-04:00,91.06,92.5,90.88,92.29,691900.0,91.726,3593
594,2025-09-17 14:00:00-04:00,92.29,94.81,90.22,93.98,2262019.0,92.513,13718
595,2025-09-18 09:30:00-04:00,97.3,99.88,96.85,99.54,1410324.0,98.573,7609
596,2025-09-18 10:00:00-04:00,99.57,102.93,99.0,102.4,2297012.0,100.718,12104
597,2025-09-18 12:00:00-04:00,102.4,102.86,99.66,100.58,1131115.0,101.12,6894
598,2025-09-18 14:00:00-04:00,100.56,101.27,98.5,98.89,1425922.0,99.652,9878
599,2025-09-19 09:30:00-04:00,98.0,99.37,96.71,97.33,690035.0,97.967,3729
600,2025-09-19 10:00:00-04:00,97.33,99.83,96.9,99.59,753928.0,98.447,4798
601,2025-09-19 12:00:00-04:00,99.59,102.03,99.59,101.76,509903.0,100.651,3511
602,2025-09-19 14:00:00-04:00,101.83,102.99,101.77,102.2,954887.0,102.411,6386
603,2025-09-22 09:30:00-04:00,105.76,108.8,102.0,103.51,1417645.0,104.795,7744
604,2025-09-22 10:00:00-04:00,103.5,104.52,101.59,104.14,1146740.0,103.306,7454
605,2025-09-22 12:00:00-04:00,103.97,104.89,103.01,103.28,700524.0,103.988,4455
606,2025-09-22 14:00:00-04:00,103.29,104.78,101.6,102.95,1729813.0,103.272,11177
607,2025-09-23 09:30:00-04:00,105.0,109.55,104.7,106.32,1377973.0,107.651,6749
608,2025-09-23 10:00:00-04:00,106.32,108.98,105.21,108.13,1371770.0,106.677,7623
609,2025-09-23 12:00:00-04:00,108.34,110.21,105.9,106.47,985844.0,108.444,6457
610,2025-09-23 14:00:00-04:00,106.45,107.67,105.88,106.38,1354278.0,106.567,8157
611,2025-09-24 09:30:00-04:00,104.16,107.12,101.7,106.7,1510118.0,104.851,8437
612,2025-09-24 10:00:00-04:00,106.6,107.72,101.02,101.57,1744409.0,103.984,11196
613,2025-09-24 12:00:00-04:00,101.55,101.65,98.12,98.92,2716973.0,99.408,15997
614,2025-09-24 14:00:00-04:00,98.87,99.96,96.63,99.88,2313012.0,98.681,13708
615,2025-09-25 09:30:00-04:00,96.27,100.45,94.63,98.35,1842416.0,97.885,10067
616,2025-09-25 10:00:00-04:00,98.35,99.37,96.89,97.96,1353403.0,97.986,8173
617,2025-09-25 12:00:00-04:00,98.01,98.49,95.13,95.15,1019279.0,96.414,5993
618,2025-09-25 14:00:00-04:00,95.15,97.0,93.53,94.26,2504069.0,95.055,15608
619,2025-09-26 09:30:00-04:00,95.93,99.49,95.21,99.18,834205.0,96.854,4374
620,2025-09-26 10:00:00-04:00,99.08,99.65,94.39,96.1,1793774.0,96.293,10213
621,2025-09-26 12:00:00-04:00,96.14,97.1,95.46,96.68,461971.0,96.391,3063
622,2025-09-26 14:00:00-04:00,96.66,97.51,95.82,97.15,947906.0,96.798,6671
623,2025-09-29 09:30:00-04:00,104.25,110.45,103.34,110.45,2109273.0,107.093,9654
624,2025-09-29 10:00:00-04:00,110.38,112.36,109.37,111.1,3228132.0,110.912,17388
625,2025-09-29 12:00:00-04:00,111.29,113.4,110.77,111.91,1538343.0,111.991,9051
626,2025-09-29 14:00:00-04:00,111.91,114.0,111.44,113.52,2521812.0,112.999,13655
627,2025-09-30 09:30:00-04:00,114.1,120.74,113.51,117.81,2554086.0,117.947,13016
628,2025-09-30 10:00:00-04:00,117.53,119.03,112.31,113.41,2171842.0,116.402,12285
629,2025-09-30 12:00:00-04:00,113.45,114.07,112.43,113.83,835724.0,113.176,5320
630,2025-09-30 14:00:00-04:00,113.91,115.0,112.11,112.12,1837036.0,113.031,9923
631,2025-10-01 09:30:00-04:00,113.06,115.96,112.0,115.47,1186982.0,114.669,6094
632,2025-10-01 10:00:00-04:00,115.5,122.18,115.31,121.62,3378489.0,119.953,18090
633,2025-10-01 12:00:00-04:00,121.61,123.85,121.47,122.88,1209997.0,122.818,6854
634,2025-10-01 14:00:00-04:00,122.97,123.13,120.31,121.2,1416082.0,121.615,8705
635,2025-10-02 09:30:00-04:00,128.69,132.29,125.0,127.03,2453883.0,128.698,13039
636,2025-10-02 10:00:00-04:00,127.11,128.78,123.58,124.75,2293308.0,125.965,14436
637,2025-10-02 12:00:00-04:00,124.72,126.58,123.26,125.85,656686.0,125.46,4259
638,2025-10-02 14:00:00-04:00,125.84,125.93,123.87,124.15,946258.0,124.51,6738
639,2025-10-03 09:30:00-04:00,128.29,137.05,126.96,134.48,1867381.0,131.918,9385
640,2025-10-03 10:00:00-04:00,134.48,136.78,132.51,134.62,2157731.0,135.14,12117
641,2025-10-03 12:00:00-04:00,134.73,135.0,126.7,129.24,1302321.0,130.764,6817
642,2025-10-03 14:00:00-04:00,129.35,130.5,127.22,128.46,1440934.0,128.657,8718
643,2025-10-06 09:30:00-04:00,133.6,134.79,123.42,124.86,1335654.0,128.513,6411
644,2025-10-06 10:00:00-04:00,124.69,124.98,119.29,123.57,3291335.0,122.097,16890
645,2025-10-06 12:00:00-04:00,123.72,125.58,122.7,125.57,956824.0,124.381,5294
646,2025-10-06 14:00:00-04:00,125.53,125.66,121.0,121.1,1338684.0,123.033,8324
647,2025-10-07 09:30:00-04:00,125.2,125.2,120.42,121.2,680625.0,122.479,3656
648,2025-10-07 10:00:00-04:00,121.13,122.02,115.68,116.58,2172866.0,118.443,11343
649,2025-10-07 12:00:00-04:00,116.64,119.68,116.27,119.68,814367.0,118.252,4147
650,2025-10-07 14:00:00-04:00,119.52,122.67,118.93,120.87,917865.0,121.195,6140
651,2025-10-08 09:30:00-04:00,121.67,128.98,120.2,128.28,1051872.0,126.186,5418
652,2025-10-08 10:00:00-04:00,128.17,128.77,123.94,127.74,1365982.0,125.829,7443
653,2025-10-08 12:00:00-04:00,127.74,128.88,126.71,128.43,683947.0,127.773,4494
654,2025-10-08 14:00:00-04:00,128.59,132.28,128.46,131.88,1661385.0,130.978,10763
655,2025-10-09 09:30:00-04:00,127.0,131.61,126.12,131.13,640062.0,128.801,3362
656,2025-10-09 10:00:00-04:00,130.95,131.22,127.28,129.56,858403.0,129.069,5294
657,2025-10-09 12:00:00-04:00,129.71,130.08,127.24,128.48,454375.0,128.528,3284
658,2025-10-09 14:00:00-04:00,128.52,130.09,128.11,129.77,471452.0,129.16,3640
659,2025-10-10 09:30:00-04:00,131.46,132.0,126.42,126.96,465565.0,129.154,2030
660,2025-10-10 10:00:00-04:00,126.96,128.3,118.01,121.37,2456666.0,122.533,13842
661,2025-10-10 12:00:00-04:00,121.36,121.36,117.5,119.65,1491668.0,119.425,6951
662,2025-10-10 14:00:00-04:00,119.61,120.01,116.17,116.92,1486610.0,117.922,8522
663,2025-10-13 09:30:00-04:00,128.25,129.85,124.04,126.73,1436314.0,127.141,7053
664,2025-10-13 10:00:00-04:00,126.61,132.1,126.61,130.12,2012396.0,130.306,10912
665,2025-10-13 12:00:00-04:00,130.14,135.91,130.02,134.65,1211544.0,133.905,5853
666,2025-10-13 14:00:00-04:00,134.66,135.88,131.0,134.44,1311407.0,133.975,7591
667,2025-10-14 09:30:00-04:00,123.54,126.8,120.96,123.01,1534384.0,123.739,7228
668,2025-10-14 10:00:00-04:00,123.0,127.74,121.4,127.42,1689597.0,125.092,9277
669,2025-10-14 12:00:00-04:00,127.49,130.48,127.26,129.6,960070.0,129.033,4997
670,2025-10-14 14:00:00-04:00,129.69,130.27,126.62,127.28,856983.0,128.625,5810
671,2025-10-15 09:30:00-04:00,134.75,135.98,130.5,132.99,740402.0,133.763,3397
672,2025-10-15 10:00:00-04:00,132.8,142.49,132.42,140.19,3149588.0,138.644,16148
673,2025-10-15 12:00:00-04:00,140.2,144.55,135.31,141.55,1653122.0,140.35,7848
674,2025-10-15 14:00:00-04:00,141.5,144.36,140.63,144.35,930350.0,142.568,5797
675,2025-10-16 09:30:00-04:00,146.0,148.85,141.7,144.49,933920.0,145.884,4866
676,2025-10-16 10:00:00-04:00,144.28,148.44,143.56,144.73,1351879.0,146.299,7320
677,2025-10-16 12:00:00-04:00,144.68,149.09,141.74,147.71,1282904.0,145.004,7032
678,2025-10-16 14:00:00-04:00,147.62,147.84,143.61,144.27,946206.0,145.413,5971
679,2025-10-17 09:30:00-04:00,139.33,150.82,139.17,149.32,1388198.0,146.788,6388
680,2025-10-17 10:00:00-04:00,149.43,149.96,136.29,138.63,3013630.0,141.81,15416
681,2025-10-17 12:00:00-04:00,138.59,141.2,137.97,140.98,836223.0,139.394,4265
682,2025-10-17 14:00:00-04:00,141.11,142.87,139.8,140.21,875013.0,141.279,5513
683,2025-10-20 09:30:00-04:00,145.91,152.62,145.5,148.36,1065188.0,149.442,4156
684,2025-10-20 10:00:00-04:00,148.42,152.63,147.26,151.89,1932860.0,150.24,9596
685,2025-10-20 12:00:00-04:00,151.85,152.46,146.25,150.64,1221619.0,149.793,6417
686,2025-10-20 14:00:00-04:00,150.65,150.79,147.91,148.1,787221.0,149.627,5198
687,2025-10-21 09:30:00-04:00,145.76,148.8,143.01,144.19,641545.0,144.936,3137
688,2025-10-21 10:00:00-04:00,144.26,147.79,142.76,146.21,913844.0,145.04,4879
689,2025-10-21 12:00:00-04:00,146.08,148.75,145.8,147.28,437846.0,147.353,2625
690,2025-10-21 14:00:00-04:00,147.23,150.16,147.11,149.33,625593.0,148.883,3857
691,2025-10-22 09:30:00-04:00,149.1,157.37,145.37,156.0,1018560.0,153.951,5429
692,2025-10-22 10:00:00-04:00,156.15,157.4,144.82,148.51,2478141.0,150.212,13469
693,2025-10-22 12:00:00-04:00,148.65,149.65,144.99,146.02,762500.0,147.251,4282
694,2025-10-22 14:00:00-04:00,146.0,148.41,145.09,146.85,1145284.0,147.095,8077
695,2025-10-23 09:30:00-04:00,147.0,162.95,146.0,162.49,1778195.0,157.261,8140
696,2025-10-23 10:00:00-04:00,162.0,166.5,159.09,165.45,2586158.0,163.1,13453
697,2025-10-23 12:00:00-04:00,165.44,167.25,164.63,165.69,957674.0,166.1,5757
698,2025-10-23 14:00:00-04:00,165.69,167.95,164.81,167.14,1211635.0,166.787,7927
699,2025-10-24 09:30:00-04:00,174.4,181.83,173.5,180.97,2216351.0,178.336,11686
700,2025-10-24 10:00:00-04:00,181.13,185.44,179.95,182.99,2729438.0,182.779,14183
701,2025-10-24 12:00:00-04:00,182.99,185.11,182.33,184.11,874834.0,183.98,4760
702,2025-10-24 14:00:00-04:00,184.16,187.36,182.81,186.07,1529366.0,185.648,9007
703,2025-10-27 09:30:00-04:00,191.5,191.85,179.5,183.0,2111956.0,184.557,9543
704,2025-10-27 10:00:00-04:00,183.14,183.47,176.1,180.44,2432869.0,180.052,12969
705,2025-10-27 12:00:00-04:00,180.44,180.77,176.62,177.17,1012561.0,177.961,5798
706,2025-10-27 14:00:00-04:00,177.04,178.29,173.72,176.46,1646977.0,175.44,10049
707,2025-10-28 09:30:00-04:00,175.49,178.82,171.28,171.46,997077.0,174.602,4882
708,2025-10-28 10:00:00-04:00,171.55,172.9,164.56,166.91,3183201.0,168.555,14377
709,2025-10-28 12:00:00-04:00,166.77,174.94,166.64,173.98,1414111.0,172.012,6709
710,2025-10-28 14:00:00-04:00,174.09,175.9,171.86,175.49,1207757.0,173.943,6899
711,2025-10-29 09:30:00-04:00,186.77,193.79,181.51,193.09,1473478.0,188.073,7623
712,2025-10-29 10:00:00-04:00,192.9,196.05,190.61,194.31,1814358.0,193.614,9746
713,2025-10-29 12:00:00-04:00,194.31,197.61,192.5,195.72,907195.0,195.381,5510
714,2025-10-29 14:00:00-04:00,195.58,205.64,194.54,204.23,2234355.0,201.212,13130
715,2025-10-30 09:30:00-04:00,192.02,201.88,191.09,201.13,1583680.0,197.057,7779
716,2025-10-30 10:00:00-04:00,201.13,204.92,197.46,198.24,1716229.0,200.514,9946
717,2025-10-30 12:00:00-04:00,198.14,203.2,195.88,198.64,769327.0,198.347,4819
718,2025-10-30 14:00:00-04:00,198.61,200.88,195.54,195.66,894999.0,198.188,5710
719,2025-10-31 09:30:00-04:00,203.5,209.77,197.71,198.01,1239960.0,203.421,6021
720,2025-10-31 10:00:00-04:00,198.13,201.9,193.01,193.29,1559597.0,197.912,8171
721,2025-10-31 12:00:00-04:00,193.13,195.64,189.58,194.78,1052517.0,192.439,5411
722,2025-10-31 14:00:00-04:00,194.79,201.69,193.82,199.49,1089187.0,198.467,6764
723,2025-11-03 09:30:00-05:00,210.49,213.4,189.1,195.79,3912482.0,197.685,19462
724,2025-11-03 11:00:00-05:00,195.79,204.5,194.5,204.27,1784080.0,199.759,9658
725,2025-11-03 13:00:00-05:00,204.37,208.23,204.0,207.46,830632.0,205.872,4328
726,2025-11-03 15:00:00-05:00,207.54,210.0,206.54,207.04,729605.0,208.022,4404
727,2025-11-04 09:30:00-05:00,188.14,202.98,185.0,197.7,3928461.0,195.305,19590
728,2025-11-04 11:00:00-05:00,197.62,199.83,195.44,198.0,1169050.0,197.401,5769
729,2025-11-04 13:00:00-05:00,198.01,200.68,193.58,194.64,1007417.0,196.989,5443
730,2025-11-04 15:00:00-05:00,194.74,197.01,194.14,194.31,727582.0,195.212,4364
731,2025-11-05 09:30:00-05:00,201.88,214.61,201.87,211.5,3879745.0,208.694,19995
732,2025-11-05 11:00:00-05:00,211.48,214.88,206.69,214.29,1246229.0,210.869,7483
733,2025-11-05 13:00:00-05:00,214.38,218.94,214.22,216.21,1354658.0,216.655,8117
734,2025-11-05 15:00:00-05:00,216.18,218.0,215.37,216.4,892988.0,216.642,6354
735,2025-11-06 09:30:00-05:00,212.0,226.5,206.1,208.12,3696956.0,214.671,21293
736,2025-11-06 11:00:00-05:00,208.41,212.4,205.18,212.18,1179613.0,209.492,7113
737,2025-11-06 13:00:00-05:00,211.89,213.98,209.92,211.19,710483.0,211.984,4452
738,2025-11-06 15:00:00-05:00,211.24,212.75,207.06,207.28,785118.0,210.374,5217
739,2025-11-07 09:30:00-05:00,208.94,228.88,203.4,207.0,6806653.0,216.416,35603
740,2025-11-07 11:00:00-05:00,207.0,216.0,205.0,214.01,2861908.0,209.905,15040
741,2025-11-07 13:00:00-05:00,214.12,229.51,214.11,229.4,2236346.0,222.601,10759
742,2025-11-07 15:00:00-05:00,229.36,240.0,228.56,239.35,2887957.0,235.467,16185
743,2025-11-10 09:30:00-05:00,247.0,267.03,247.0,259.89,5506218.0,259.785,29263
744,2025-11-10 11:00:00-05:00,260.06,265.76,257.05,265.39,1814726.0,261.278,9424
745,2025-11-10 13:00:00-05:00,265.39,268.92,264.04,268.84,1203364.0,266.588,6509
746,2025-11-10 15:00:00-05:00,268.79,270.91,267.3,268.03,1339602.0,268.835,8000
747,2025-11-11 09:30:00-05:00,262.29,269.14,255.87,267.59,4337622.0,262.844,22052
748,2025-11-11 11:00:00-05:00,267.68,275.87,265.17,273.04,2383906.0,269.818,11064
749,2025-11-11 13:00:00-05:00,273.04,273.38,266.08,269.56,1087797.0,270.319,6110
750,2025-11-11 15:00:00-05:00,269.0,272.53,265.11,271.39,1099810.0,269.412,6179
751,2025-11-12 09:30:00-05:00,271.52,284.59,267.05,273.49,4530720.0,276.117,22531
752,2025-11-12 11:00:00-05:00,273.09,283.03,268.0,282.11,1994291.0,277.133,9787
753,2025-11-12 13:00:00-05:00,282.35,284.5,274.05,281.57,1707596.0,279.983,8981
754,2025-11-12 15:00:00-05:00,281.6,284.76,279.06,282.97,1112973.0,282.323,6501
755,2025-11-13 09:30:00-05:00,268.0,271.84,253.0,255.0,6546066.0,261.697,34361
756,2025-11-13 11:00:00-05:00,255.01,257.11,241.57,245.7,4322696.0,249.215,22430
757,2025-11-13 13:00:00-05:00,245.56,245.7,234.13,238.18,4377242.0,238.612,22102
758,2025-11-13 15:00:00-05:00,238.06,245.36,237.3,243.53,1790514.0,241.3,10451
759,2025-11-14 09:30:00-05:00,235.34,267.0,235.05,266.86,8066144.0,254.843,39501
760,2025-11-14 11:00:00-05:00,266.92,270.49,260.3,263.3,3017500.0,266.302,15065
761,2025-11-14 13:00:00-05:00,263.29,265.87,258.77,264.45,1583559.0,262.563,7616
762,2025-11-14 15:00:00-05:00,264.8,265.12,252.7,254.27,1190984.0,257.836,6830
763,2025-11-17 09:30:00-05:00,253.4,282.8,253.0,272.78,4927268.0,274.135,24029
764,2025-11-17 11:00:00-05:00,272.91,276.28,267.0,271.6,2032761.0,271.937,10335
765,2025-11-17 13:00:00-05:00,271.91,272.57,259.0,260.38,2232281.0,266.357,10814
766,2025-11-17 15:00:00-05:00,260.38,267.63,259.0,265.59,1097280.0,262.722,5947
767,2025-11-18 09:30:00-05:00,257.59,260.64,229.11,234.2,5823765.0,241.112,29420
768,2025-11-18 11:00:00-05:00,234.06,249.8,230.65,248.44,2944188.0,242.022,15651
769,2025-11-18 13:00:00-05:00,248.64,252.7,246.8,251.25,1926833.0,249.944,9772
770,2025-11-18 15:00:00-05:00,251.39,252.29,244.27,244.72,1330217.0,247.136,7642
771,2025-11-19 09:30:00-05:00,251.11,256.98,242.03,246.4,3527843.0,250.881,17383
772,2025-11-19 11:00:00-05:00,246.15,247.55,233.78,242.97,2958406.0,240.022,13822
773,2025-11-19 13:00:00-05:00,242.89,249.4,241.05,248.5,1172415.0,245.03,5893
774,2025-11-19 15:00:00-05:00,248.35,251.0,245.47,245.85,874484.0,247.999,4745
775,2025-11-20 09:30:00-05:00,251.75,254.6,221.22,221.96,7142657.0,231.307,34481
776,2025-11-20 11:00:00-05:00,221.79,224.46,205.0,206.78,5481642.0,212.814,26780
777,2025-11-20 13:00:00-05:00,206.78,211.49,199.41,203.41,3968503.0,203.354,18692
778,2025-11-20 15:00:00-05:00,203.06,203.06,192.62,195.86,3231162.0,196.612,18161
779,2025-11-21 09:30:00-05:00,205.37,205.63,183.0,190.24,7697466.0,193.721,35672
780,2025-11-21 11:00:00-05:00,190.18,199.78,188.3,197.12,3258798.0,196.054,14647
781,2025-11-21 13:00:00-05:00,197.23,205.0,193.5,201.28,2449892.0,200.31,11893
782,2025-11-21 15:00:00-05:00,201.1,205.01,199.99,200.4,1201858.0,202.132,6815
783,2025-11-24 09:30:00-05:00,206.04,227.97,205.13,225.39,4903447.0,219.92,23933
784,2025-11-24 11:00:00-05:00,225.47,228.18,224.8,226.6,1623475.0,226.423,8251
